{
  "lr": 7.67918659103391e-05,
  "momentum": 0.22993603448042202,
  "optimizer": "sgd",
  "weight_decay": 0.00021579921856500496
}