{
  "lr": 0.0004035317847376697,
  "momentum": 0.14728732157955576,
  "optimizer": "adam",
  "weight_decay": 0.00012408288308692983
}