{
  "lr": 0.0002967693684336245,
  "momentum": 0.4842354699922573,
  "optimizer": "adam",
  "weight_decay": 0.0008054963832309943
}