{
  "lr": 0.000838431752310847,
  "momentum": 0.04831891810267439,
  "optimizer": "adam",
  "weight_decay": 0.00046381038153605014
}