{
  "lr": 4.820161355186231e-05,
  "momentum": 0.9260112664569625,
  "optimizer": "adam",
  "weight_decay": 0.0009084851605854828
}