{
  "lr": 2.6227734860252075e-05,
  "momentum": 0.6991987719554776,
  "optimizer": "sgd",
  "weight_decay": 0.0009420598270110883
}