{
  "lr": 0.0003207779159563069,
  "momentum": 0.09059317167503954,
  "optimizer": "sgd",
  "weight_decay": 0.0003088397557549408
}