{
  "lr": 0.0009980599424756836,
  "momentum": 0.40677016951702416,
  "optimizer": "sgd",
  "weight_decay": 0.00014191993488391996
}