{
  "lr": 2.9574487491333473e-05,
  "momentum": 0.5054959144919359,
  "optimizer": "adam",
  "weight_decay": 0.00024181834160030602
}