{
  "lr": 6.168284996467069e-05,
  "momentum": 0.5904337125389841,
  "optimizer": "sgd",
  "weight_decay": 0.0008746459046516974
}