{
  "lr": 0.0006629408164425704,
  "momentum": 0.017281821369242632,
  "optimizer": "adam",
  "weight_decay": 0.000609640669080844
}