{
  "lr": 1.3418947516451814e-05,
  "momentum": 0.4698879634928725,
  "optimizer": "sgd",
  "weight_decay": 0.0006607667578713478
}