{
  "lr": 0.0007514762946972656,
  "momentum": 0.7894625524923429,
  "optimizer": "sgd",
  "weight_decay": 0.0005573992005492044
}