{
  "lr": 2.6336489331580064e-05,
  "momentum": 0.5331856936609896,
  "optimizer": "adam",
  "weight_decay": 0.00048253739123924045
}