{
  "alpha": 0.47718854865788557,
  "beta": 0.7252034724789805,
  "gamma": 4.167187628691339,
  "include_background": false,
  "loss": "focal",
  "squared_pred": true
}