{
  "lr": 0.0008392181370253883,
  "momentum": 0.39281737509290776,
  "optimizer": "adam",
  "weight_decay": 0.0008488559534567376
}