{
  "lr": 0.0008414430757232119,
  "momentum": 0.7053525572765135,
  "optimizer": "sgd",
  "weight_decay": 8.591379917440301e-05
}