{
  "lr": 1.2144592598789002e-05,
  "momentum": 0.6097060647798741,
  "optimizer": "adam",
  "weight_decay": 0.0008122036663794494
}