{
  "lr": 7.440236939649748e-05,
  "momentum": 0.43459319021879195,
  "optimizer": "sgd",
  "weight_decay": 0.0006900632474991774
}