{
  "lr": 3.4350759824165956e-05,
  "momentum": 0.03277270600524641,
  "optimizer": "sgd",
  "weight_decay": 8.452673561632817e-05
}