{
  "lr": 1.8090673967470186e-05,
  "momentum": 0.04745618011472567,
  "optimizer": "sgd",
  "weight_decay": 0.00019089940980095556
}