{
  "lr": 0.0004214387715955774,
  "momentum": 0.3308485892960809,
  "optimizer": "sgd",
  "weight_decay": 0.0007098490702743812
}