{
  "lr": 7.115698730418609e-05,
  "momentum": 0.47476840745551485,
  "optimizer": "adam",
  "weight_decay": 0.0006937613963224292
}