{
  "lr": 0.0006028247884612312,
  "momentum": 0.9897293197450304,
  "optimizer": "adam",
  "weight_decay": 0.0008467784796897779
}