{
  "lr": 4.5543408068573345e-05,
  "momentum": 0.9135646897039459,
  "optimizer": "adam",
  "weight_decay": 0.0007133743659416534
}