{
  "lr": 4.4243821856061785e-05,
  "momentum": 0.021129949217738163,
  "optimizer": "sgd",
  "weight_decay": 0.0006970556979043787
}