{
  "lr": 2.7513230017340904e-05,
  "momentum": 0.6009546053133651,
  "optimizer": "sgd",
  "weight_decay": 5.2523674071189076e-05
}