{
  "lr": 5.200035045417828e-05,
  "momentum": 0.7985513121903183,
  "optimizer": "sgd",
  "weight_decay": 0.00011723908628357205
}