{
  "lr": 0.00020398260036886675,
  "momentum": 0.6707777716649559,
  "optimizer": "sgd",
  "weight_decay": 0.000862414842038342
}