{
  "lr": 5.5838705328655775e-05,
  "momentum": 0.882979373856606,
  "optimizer": "adam",
  "weight_decay": 0.00048053871629369805
}