{
  "lr": 0.00015680431842466318,
  "momentum": 0.9441213321732568,
  "optimizer": "adam",
  "weight_decay": 0.00029459737824965107
}