{
  "lr": 2.843307104909892e-05,
  "momentum": 0.6567134462301304,
  "optimizer": "adam",
  "weight_decay": 5.8881440196614675e-05
}