{
  "lr": 9.524250993111594e-05,
  "momentum": 0.9406946258903537,
  "optimizer": "sgd",
  "weight_decay": 0.0006525737795612653
}