{
  "lr": 4.17157323426553e-05,
  "momentum": 0.4857359847699133,
  "optimizer": "adam",
  "weight_decay": 0.0008243578341780955
}