{
  "lr": 8.830854330951195e-05,
  "momentum": 0.5907777251470162,
  "optimizer": "adam",
  "weight_decay": 8.15972270157429e-05
}