{
  "lr": 0.00017173923053193782,
  "momentum": 0.6512917693893122,
  "optimizer": "adam",
  "weight_decay": 0.0009563745619116945
}