{
  "lr": 9.710941049605103e-05,
  "momentum": 0.40284713713353393,
  "optimizer": "sgd",
  "weight_decay": 0.0002681544610310779
}