{
  "lr": 0.00014416253602966424,
  "momentum": 0.9258504357792601,
  "optimizer": "adam",
  "weight_decay": 0.00011633776623303138
}