{
  "lr": 0.00017186418951430158,
  "momentum": 0.24111549771947197,
  "optimizer": "sgd",
  "weight_decay": 2.8983585123643517e-05
}