{
  "lr": 1.4276973103648952e-05,
  "momentum": 0.13958544883096485,
  "optimizer": "adam",
  "weight_decay": 0.0006048347741598729
}