{
  "alpha": 0.5180154234626666,
  "beta": 0.514501322431317,
  "gamma": 4.745315883070861,
  "include_background": false,
  "loss": "tversky",
  "squared_pred": true
}