{
  "lr": 0.00022707019343575966,
  "momentum": 0.6054548284784618,
  "optimizer": "sgd",
  "weight_decay": 0.0005154187584660174
}