{
  "alpha": 0.4372453201011639,
  "beta": 0.7744715805998137,
  "gamma": 1.02959088033235,
  "include_background": false,
  "loss": "dice",
  "squared_pred": false
}