{
  "lr": 8.879893191791599e-05,
  "momentum": 0.7336521716533951,
  "optimizer": "adam",
  "weight_decay": 0.0009266770686091517
}