{
  "lr": 7.313261170989826e-05,
  "momentum": 0.472653743926961,
  "optimizer": "adam",
  "weight_decay": 0.0006953411676658863
}