{
  "lr": 6.417118125116702e-05,
  "momentum": 0.1430074764712934,
  "optimizer": "sgd",
  "weight_decay": 0.00026751402130716626
}