{
  "alpha": 0.49997806046065746,
  "beta": 0.6055534377114682,
  "gamma": 4.047535201605543,
  "include_background": false,
  "loss": "dice",
  "squared_pred": true
}