{
  "lr": 1.3130397245118047e-05,
  "momentum": 0.2463862690985373,
  "optimizer": "adam",
  "weight_decay": 0.00028056057717222403
}