{
  "lr": 0.00012978829361191049,
  "momentum": 0.9124942577594014,
  "optimizer": "sgd",
  "weight_decay": 0.0004397079537567229
}