{
  "lr": 0.0005673149575933162,
  "momentum": 0.162021964868459,
  "optimizer": "sgd",
  "weight_decay": 0.0004924528304612179
}