{
  "lr": 4.154407200506927e-05,
  "momentum": 0.24686990525486469,
  "optimizer": "adam",
  "weight_decay": 0.0006885691172010438
}