{
  "lr": 1.1401355217203813e-05,
  "momentum": 0.7178121352442474,
  "optimizer": "sgd",
  "weight_decay": 0.0006783766126090676
}