{
  "lr": 6.762339560786935e-05,
  "momentum": 0.4335716985151021,
  "optimizer": "sgd",
  "weight_decay": 0.0005554758247550595
}