{
  "lr": 2.2497867479766858e-05,
  "momentum": 0.6942553045727076,
  "optimizer": "sgd",
  "weight_decay": 0.0005687243809668048
}