{
  "lr": 0.00018258315405112559,
  "momentum": 0.35624307048281983,
  "optimizer": "adam",
  "weight_decay": 0.000326558605833746
}