{
  "lr": 7.998771418429005e-05,
  "momentum": 0.5045976157914471,
  "optimizer": "adam",
  "weight_decay": 0.000508290801834734
}