{
  "lr": 4.507311048337094e-05,
  "momentum": 0.6028272170398813,
  "optimizer": "sgd",
  "weight_decay": 0.0002305649555047108
}