{
  "alpha": 0.4165162307355425,
  "beta": 0.5997473504034079,
  "gamma": 4.786844839610755,
  "include_background": false,
  "loss": "tversky",
  "squared_pred": true
}