{
  "alpha": 0.6962187644062154,
  "beta": 0.6377853507972806,
  "gamma": 4.338091767100327,
  "include_background": false,
  "loss": "focal",
  "squared_pred": false
}