{
  "lr": 0.0007443334497481713,
  "momentum": 0.19011852175801597,
  "optimizer": "sgd",
  "weight_decay": 0.00022438984475356316
}