{
  "lr": 1.62354327782747e-05,
  "momentum": 0.7725930383976574,
  "optimizer": "sgd",
  "weight_decay": 0.000390999091132491
}