{
  "alpha": 0.5960549274492692,
  "beta": 0.6450709547184615,
  "gamma": 4.407864386855561,
  "include_background": false,
  "loss": "tversky",
  "squared_pred": true
}