{
  "lr": 1.8400323162867838e-05,
  "momentum": 0.7143574482071093,
  "optimizer": "sgd",
  "weight_decay": 0.0003614459466489848
}