{
  "lr": 3.152323531193964e-05,
  "momentum": 0.10324306636701322,
  "optimizer": "adam",
  "weight_decay": 0.0009205606738571532
}