{
  "lr": 8.906654077809505e-05,
  "momentum": 0.3137905416715216,
  "optimizer": "sgd",
  "weight_decay": 0.0009489894247521105
}