{
  "lr": 0.0006972281402998613,
  "momentum": 0.05963144612534869,
  "optimizer": "sgd",
  "weight_decay": 0.00030654705013132976
}