{
  "lr": 5.385053610313362e-05,
  "momentum": 0.16145688345042097,
  "optimizer": "adam",
  "weight_decay": 0.00038196317506308943
}