{
  "lr": 2.3698786904058054e-05,
  "momentum": 0.8110822654260931,
  "optimizer": "adam",
  "weight_decay": 0.0006663642907390674
}