{
  "lr": 0.000244833445859208,
  "momentum": 0.0855111476268371,
  "optimizer": "adam",
  "weight_decay": 6.902098738534334e-05
}