{
  "lr": 7.707567800248627e-05,
  "momentum": 0.30375719274231355,
  "optimizer": "adam",
  "weight_decay": 0.000879949431652227
}