{
  "lr": 4.3399942436076955e-05,
  "momentum": 0.14121619369236457,
  "optimizer": "adam",
  "weight_decay": 0.0002314855842796003
}