{
  "lr": 0.0002681472857943615,
  "momentum": 0.7516080057593251,
  "optimizer": "sgd",
  "weight_decay": 0.0006159107471184508
}