{
  "lr": 1.455058798921712e-05,
  "momentum": 0.050900472653830534,
  "optimizer": "sgd",
  "weight_decay": 0.00031116904840611183
}