{
  "lr": 2.8291679096926148e-05,
  "momentum": 0.3141810340157137,
  "optimizer": "adam",
  "weight_decay": 0.0006384950347969509
}