{
  "lr": 0.00034555206347590026,
  "momentum": 0.24603602993111878,
  "optimizer": "sgd",
  "weight_decay": 0.0005266222764427798
}