{
  "lr": 0.00012756140387707216,
  "momentum": 0.9767311801028348,
  "optimizer": "adam",
  "weight_decay": 0.0004272580576963832
}