{
  "lr": 0.0005687991064444079,
  "momentum": 0.8807386316508279,
  "optimizer": "adam",
  "weight_decay": 0.0003954874280905929
}