{
  "lr": 8.798726901950811e-05,
  "momentum": 0.20063779580039165,
  "optimizer": "adam",
  "weight_decay": 0.00022611629891425544
}