{
  "lr": 0.0005444947409558402,
  "momentum": 0.3259051240480867,
  "optimizer": "adam",
  "weight_decay": 9.795290292259917e-05
}