{
  "lr": 0.000700994874861493,
  "momentum": 0.5286261007974716,
  "optimizer": "sgd",
  "weight_decay": 0.0009352657638868499
}