{
  "lr": 0.0007738692240859632,
  "momentum": 0.7715489338993078,
  "optimizer": "sgd",
  "weight_decay": 0.0008217193780813779
}