{
  "lr": 0.0003340508570624616,
  "momentum": 0.7834415465923767,
  "optimizer": "adam",
  "weight_decay": 0.0004056991993521031
}