{
  "lr": 0.00047937051617842624,
  "momentum": 0.16641135037381213,
  "optimizer": "sgd",
  "weight_decay": 8.721858158055196e-05
}