{
  "lr": 0.0005399361831501325,
  "momentum": 0.13137872416827814,
  "optimizer": "adam",
  "weight_decay": 0.00020415080345748438
}