{
  "lr": 1.2829496669585829e-05,
  "momentum": 0.33722098367828346,
  "optimizer": "sgd",
  "weight_decay": 0.0007258095122989218
}