{
  "lr": 2.8103265287539446e-05,
  "momentum": 0.8958970472351198,
  "optimizer": "sgd",
  "weight_decay": 0.00048714906012401447
}