{
  "lr": 1.796358561846501e-05,
  "momentum": 0.3630551634290263,
  "optimizer": "adam",
  "weight_decay": 0.0007708330331741219
}