{
  "alpha": 0.6173897293894153,
  "beta": 0.5709807090359311,
  "gamma": 4.062516768830223,
  "include_background": false,
  "loss": "tversky",
  "squared_pred": false
}