{
  "lr": 4.88389110979269e-05,
  "momentum": 0.8147051644143639,
  "optimizer": "sgd",
  "weight_decay": 0.0009136012580532345
}