{
  "lr": 1.1396054002661655e-05,
  "momentum": 0.255616687139105,
  "optimizer": "adam",
  "weight_decay": 0.0006405436689475318
}