{
  "lr": 1.8999376060813216e-05,
  "momentum": 0.31434179428661113,
  "optimizer": "adam",
  "weight_decay": 7.531049742720641e-05
}