{
  "lr": 7.630749880264396e-05,
  "momentum": 0.03794252879767929,
  "optimizer": "sgd",
  "weight_decay": 0.00021389385321074594
}