{
  "lr": 0.0002822670389334158,
  "momentum": 0.016166784271946677,
  "optimizer": "sgd",
  "weight_decay": 0.0009370770747368231
}