{
  "alpha": 0.58160238158167,
  "beta": 0.3341294220940833,
  "gamma": 4.533209269458874,
  "include_background": false,
  "loss": "focal",
  "squared_pred": true
}