{
  "lr": 4.090208529952374e-05,
  "momentum": 0.09090060339605778,
  "optimizer": "sgd",
  "weight_decay": 0.0008178135461848378
}