{
  "lr": 0.00028051454665634084,
  "momentum": 0.9772464585841443,
  "optimizer": "sgd",
  "weight_decay": 0.0001148036224480884
}