{
  "lr": 0.00020439788021520494,
  "momentum": 0.9771822203760527,
  "optimizer": "sgd",
  "weight_decay": 0.00032519579344170716
}