{
  "alpha": 0.625481233634267,
  "beta": 0.3267273524996171,
  "gamma": 3.2316324573374056,
  "include_background": false,
  "loss": "dice",
  "squared_pred": true
}