{
  "alpha": 0.39336287190355007,
  "beta": 0.6614227730778414,
  "gamma": 2.663010557587127,
  "include_background": false,
  "loss": "focal",
  "squared_pred": false
}