{
  "lr": 4.4777702376800386e-05,
  "momentum": 0.5347985969968971,
  "optimizer": "sgd",
  "weight_decay": 0.0009534834656619249
}