{
  "lr": 0.0001376934124363246,
  "momentum": 0.6850799488985155,
  "optimizer": "adam",
  "weight_decay": 0.000637924213077976
}