{
  "lr": 0.00017837076989105842,
  "momentum": 0.976788566066721,
  "optimizer": "sgd",
  "weight_decay": 0.00022123342146723157
}