{
  "lr": 0.00021698772788103504,
  "momentum": 0.48057438331049934,
  "optimizer": "adam",
  "weight_decay": 0.00014768295495077931
}