{
  "lr": 0.0008575285841650889,
  "momentum": 0.8914145387846584,
  "optimizer": "adam",
  "weight_decay": 0.000938422927785439
}