{
  "lr": 2.3202032033880996e-05,
  "momentum": 0.062369977411586335,
  "optimizer": "adam",
  "weight_decay": 9.047539497537427e-05
}