{
  "lr": 0.0005864500521134093,
  "momentum": 0.6666640189877077,
  "optimizer": "sgd",
  "weight_decay": 0.0002477070567027911
}