{
  "lr": 0.0008628650766132987,
  "momentum": 0.6042585238713652,
  "optimizer": "adam",
  "weight_decay": 0.0004278874265854292
}