{
  "lr": 5.630430085637863e-05,
  "momentum": 0.9705123823911112,
  "optimizer": "sgd",
  "weight_decay": 0.0004168593355159507
}