{
  "lr": 0.0003902591435426529,
  "momentum": 0.03653354511218572,
  "optimizer": "sgd",
  "weight_decay": 5.074369338389528e-05
}