{
  "lr": 0.00018827754757509726,
  "momentum": 0.23417283349574,
  "optimizer": "adam",
  "weight_decay": 0.0009223333409873586
}