{
  "lr": 0.00014336337226218218,
  "momentum": 0.7317484649427491,
  "optimizer": "sgd",
  "weight_decay": 0.0004198287109597788
}