{
  "lr": 3.984857843769537e-05,
  "momentum": 0.14341430756039814,
  "optimizer": "sgd",
  "weight_decay": 0.0002753175840771679
}