{
  "lr": 1.4336077692014322e-05,
  "momentum": 0.5730863450651555,
  "optimizer": "sgd",
  "weight_decay": 4.1627065809394236e-05
}