{
  "lr": 0.00033891974511419975,
  "momentum": 0.15815715750740186,
  "optimizer": "adam",
  "weight_decay": 0.00033606537515370327
}