{
  "lr": 0.00010505319676885486,
  "momentum": 0.3232302792956901,
  "optimizer": "adam",
  "weight_decay": 0.0006029374241706311
}