{
  "lr": 4.655319589052165e-05,
  "momentum": 0.3740232523068882,
  "optimizer": "adam",
  "weight_decay": 0.0008622317437620392
}