{
  "lr": 1.6306938960784643e-05,
  "momentum": 0.525552087502815,
  "optimizer": "sgd",
  "weight_decay": 0.0003861433018188887
}