{
  "lr": 1.1234859549990926e-05,
  "momentum": 0.3600854839244061,
  "optimizer": "adam",
  "weight_decay": 0.00021795167842974473
}