{
  "lr": 8.96216636748729e-05,
  "momentum": 0.84927572361204,
  "optimizer": "sgd",
  "weight_decay": 8.832611563897308e-05
}