{
  "lr": 9.1825769497655e-05,
  "momentum": 0.2661326516171719,
  "optimizer": "sgd",
  "weight_decay": 0.0009879428292723944
}