{
  "lr": 1.8069025348905035e-05,
  "momentum": 0.6793743883721842,
  "optimizer": "adam",
  "weight_decay": 0.0002798212808728973
}