{
  "lr": 0.0006551423433147341,
  "momentum": 0.3275022218888177,
  "optimizer": "sgd",
  "weight_decay": 0.0006087852658067565
}