{
  "alpha": 0.4490343382030182,
  "beta": 0.39774754873631424,
  "gamma": 4.699485208939206,
  "include_background": false,
  "loss": "focal",
  "squared_pred": false
}