{
  "lr": 0.00017458651013264875,
  "momentum": 0.7291525106391304,
  "optimizer": "adam",
  "weight_decay": 0.00022110141106107962
}