{
  "lr": 1.1796923812918472e-05,
  "momentum": 0.456754250635445,
  "optimizer": "sgd",
  "weight_decay": 9.714018290292492e-05
}