{
  "lr": 0.00044334411581399926,
  "momentum": 0.6166343163744962,
  "optimizer": "sgd",
  "weight_decay": 0.0007235416213259893
}