{
  "alpha": 0.5433228768258482,
  "beta": 0.7474882701848508,
  "gamma": 4.000493628735146,
  "include_background": false,
  "loss": "focal",
  "squared_pred": false
}