{
  "lr": 0.0006057714911320635,
  "momentum": 0.31830646740341184,
  "optimizer": "adam",
  "weight_decay": 0.0005338903498720152
}