{
  "lr": 3.121818935682606e-05,
  "momentum": 0.797663332518812,
  "optimizer": "adam",
  "weight_decay": 0.0007979551399487464
}