{
  "lr": 3.3534525976584526e-05,
  "momentum": 0.7795617403483119,
  "optimizer": "sgd",
  "weight_decay": 0.0009560247021335806
}