{
  "lr": 1.545917747996532e-05,
  "momentum": 0.45199530067292043,
  "optimizer": "sgd",
  "weight_decay": 0.00045941845457717203
}