{
  "lr": 0.0006538933046698048,
  "momentum": 0.9765135566095424,
  "optimizer": "sgd",
  "weight_decay": 0.0001278847804836374
}