{
  "lr": 5.9419171147297236e-05,
  "momentum": 0.6646542108767216,
  "optimizer": "adam",
  "weight_decay": 0.0001693510887553301
}