{
  "lr": 0.0003289589554156288,
  "momentum": 0.39239601153755405,
  "optimizer": "sgd",
  "weight_decay": 0.0006303788108322422
}