{
  "lr": 0.00037774408377489084,
  "momentum": 0.07530735592759825,
  "optimizer": "sgd",
  "weight_decay": 0.00046949815211257996
}