{
  "lr": 0.0002361630525910528,
  "momentum": 0.5311817666882123,
  "optimizer": "sgd",
  "weight_decay": 0.00027851160789273734
}