{
  "lr": 0.0005327707142507809,
  "momentum": 0.04602594937458748,
  "optimizer": "sgd",
  "weight_decay": 0.0007336161667196969
}