{
  "lr": 0.0009695908447291714,
  "momentum": 0.17303461229385442,
  "optimizer": "adam",
  "weight_decay": 0.0005634316111260584
}