{
  "lr": 5.786287729359265e-05,
  "momentum": 0.9368897881628933,
  "optimizer": "adam",
  "weight_decay": 0.0007128475645711857
}