{
  "lr": 8.846699724796674e-05,
  "momentum": 0.04929949015191407,
  "optimizer": "adam",
  "weight_decay": 0.0002311524690625547
}