{
  "lr": 0.000649835029698512,
  "momentum": 0.32387801300196745,
  "optimizer": "adam",
  "weight_decay": 0.000693676247795745
}