{
  "lr": 0.00011164614533346749,
  "momentum": 0.6425745146995898,
  "optimizer": "sgd",
  "weight_decay": 0.0004111174528419992
}