{
  "alpha": 0.4887876452658467,
  "beta": 0.421009025084823,
  "gamma": 1.1378780931624846,
  "include_background": false,
  "loss": "dice",
  "squared_pred": false
}