{
  "lr": 4.717138144376604e-05,
  "momentum": 0.6517008901214205,
  "optimizer": "sgd",
  "weight_decay": 0.0005297285186485714
}