{
  "lr": 0.00019576702226380916,
  "momentum": 0.3538302406753472,
  "optimizer": "sgd",
  "weight_decay": 0.0003625618203640876
}