{
  "lr": 6.661601471299535e-05,
  "momentum": 0.32619914659782345,
  "optimizer": "sgd",
  "weight_decay": 0.00023198377657973645
}