{
  "lr": 0.00039608951157251224,
  "momentum": 0.6820089613384517,
  "optimizer": "sgd",
  "weight_decay": 0.0001492073331034519
}