{
  "lr": 7.570514411221817e-05,
  "momentum": 0.3152612764134148,
  "optimizer": "adam",
  "weight_decay": 0.0005432531427758433
}