{
  "lr": 2.5143296078677387e-05,
  "momentum": 0.6908927168767224,
  "optimizer": "adam",
  "weight_decay": 0.0005479530840331315
}