{
  "lr": 0.0005612735514913307,
  "momentum": 0.7576369058504598,
  "optimizer": "sgd",
  "weight_decay": 0.000759064663461911
}