{
  "lr": 2.128914948472139e-05,
  "momentum": 0.4672505074243485,
  "optimizer": "adam",
  "weight_decay": 0.0005065250503197025
}