{
  "lr": 2.653256353156511e-05,
  "momentum": 0.9086507414501321,
  "optimizer": "sgd",
  "weight_decay": 4.7176612268893026e-05
}