{
  "lr": 7.857391973339514e-05,
  "momentum": 0.13069508839350014,
  "optimizer": "sgd",
  "weight_decay": 4.573996530627589e-05
}