{
  "lr": 0.0001291965635006181,
  "momentum": 0.7364351369687999,
  "optimizer": "sgd",
  "weight_decay": 0.0001843461994943787
}