{
  "lr": 0.0003412775316936286,
  "momentum": 0.6834732200072187,
  "optimizer": "sgd",
  "weight_decay": 0.00037338682364249277
}