{
  "lr": 0.00010448826891549123,
  "momentum": 0.3552232605205194,
  "optimizer": "adam",
  "weight_decay": 0.00035606465228520915
}