{
  "lr": 1.3844380064767415e-05,
  "momentum": 0.4221270992361717,
  "optimizer": "adam",
  "weight_decay": 0.0004276135076761848
}