{
  "lr": 8.688877680902365e-05,
  "momentum": 0.11863311186673507,
  "optimizer": "adam",
  "weight_decay": 0.0005422213126730748
}