{
  "lr": 8.858310704786119e-05,
  "momentum": 0.594773122482896,
  "optimizer": "sgd",
  "weight_decay": 0.00014953767803403152
}