{
  "lr": 0.00010392743894070014,
  "momentum": 0.352621247969365,
  "optimizer": "adam",
  "weight_decay": 0.0005592582608353106
}