{
  "lr": 7.987243404369837e-05,
  "momentum": 0.919279566757954,
  "optimizer": "adam",
  "weight_decay": 0.0006164623523876536
}