{
  "lr": 6.817354253763645e-05,
  "momentum": 0.23032759430236896,
  "optimizer": "sgd",
  "weight_decay": 0.0006043847865666069
}