{
  "lr": 3.102921962986778e-05,
  "momentum": 0.964354793234417,
  "optimizer": "sgd",
  "weight_decay": 0.000586311191914819
}