{
  "lr": 1.1695434602312743e-05,
  "momentum": 0.638071700003271,
  "optimizer": "adam",
  "weight_decay": 0.000961269186137333
}